id,title,slug,excerpt,content,author,category_id,tags,thumbnail,published_at,featured,status
1,"The Three Doshas in Plain Language: Vata, Pitta and Kapha",the-three-doshas-in-plain-language,"Ayurveda describes every body and every day through three organising ideas called doshas. Here is what each one means, without the jargon.","Ayurveda looks at a person through three organising ideas called **doshas**. They are not diseases and they are not labels to be stuck on you; they are tendencies, ways of describing how a body and a day tend to behave.

## Vata: the principle of movement
Linked with air and space, Vata is described as light, dry, cool and mobile. When it is in balance people tend to be creative, quick and light on their feet. When it runs high, the traditional signs are restlessness, dryness, an irregular appetite and light sleep. The classical response is steadiness: regular meal and sleep times, warm cooked food and a little oil in the diet and on the skin.

## Pitta: the principle of transformation
Linked with fire and water, Pitta is described as hot, sharp and a little oily. It governs digestion, metabolism and focus. High Pitta is traditionally described as irritability, a sense of heat and sharp hunger. The classical response is moderation: not skipping meals, cooler and gently bitter or sweet foods, and avoiding too much heat and rush.

## Kapha: the principle of structure
Linked with earth and water, Kapha is described as heavy, steady and cool. It gives strength, stamina and calm. High Kapha is traditionally described as heaviness, sluggishness and a slow start to the day. The classical response is lightness and movement: warm, lightly spiced food and regular activity.

## How to use this
Most people are a blend of two or three, and the balance shifts with age, season and even time of day. Treat the doshas as a lens for noticing your own patterns. A qualified Ayurvedic practitioner can assess your constitution (prakriti) properly.

*This article shares general information based on traditional Ayurvedic ideas. It is not medical advice and does not diagnose or treat any condition. Please consult a qualified Ayurvedic practitioner or doctor, especially if you are pregnant, on medication or managing a health condition.*",Punarjiva Organics,1,tridosha;dinacharya,data/media/blog/the-three-doshas-in-plain-language.jpg,2026-09-20,1,active
2,Dinacharya: An Ayurvedic Morning Routine You Can Actually Keep,dinacharya-an-ayurvedic-morning-routine,"Dinacharya is the Ayurvedic daily routine. A handful of small, repeatable morning habits matter more than a long perfect list.","**Dinacharya** simply means ""daily conduct"". Ayurveda places great weight on a steady daily rhythm, because the body, like the seasons, likes repetition. The traditional morning has many steps; a few of them are easy to keep.

## A short morning that works
- **Wake a little earlier** than you need to, ideally around sunrise, so the morning is not a rush.
- **Warm water first.** A glass of warm water is a gentle way to begin the day.
- **Scrape the tongue** with a copper or steel scraper, then rinse the mouth.
- **Abhyanga.** A few minutes of warm oil massage before a bath is the best-known Ayurvedic habit. Coconut oil is a common everyday choice, and bhringraj oil is traditionally used on the scalp.
- **Move.** Gentle stretching, a walk or a few rounds of sun salutation.
- **Eat breakfast at a regular time** rather than skipping or grazing.

## Consistency beats perfection
If you can only keep two habits, keep the same wake-up time and a regular first meal. Add the rest slowly, one at a time, once those feel natural.

*This article shares general information based on traditional Ayurvedic ideas. It is not medical advice and does not diagnose or treat any condition. Please consult a qualified Ayurvedic practitioner or doctor, especially if you are pregnant, on medication or managing a health condition.*",Punarjiva Organics,4,dinacharya;abhyanga,data/media/blog/dinacharya-an-ayurvedic-morning-routine.jpg,2026-09-14,0,active
3,Agni: Why Ayurveda Begins with Digestion,agni-why-ayurveda-begins-with-digestion,"In Ayurveda, good health starts with agni, the digestive fire. These everyday habits are the traditional way to look after it.","Ayurveda uses the word **agni** for the digestive fire: the power that turns food into nourishment. The classical texts treat it as the root of health, so much of Ayurvedic advice is, quietly, advice about eating well.

## Everyday habits that support agni
- **Eat when you are actually hungry,** and leave a few hours between meals instead of constant snacking.
- **Prefer warm, freshly cooked food** over cold, raw or very heavy meals, especially in cooler weather.
- **Make midday the main meal.** Traditionally digestion is strongest when the sun is highest.
- **Use the kitchen spices.** Cumin, ginger, coriander, fennel and turmeric are everyday digestive helpers.
- **Sit down and eat without screens,** and stop before you feel overfull.

## Grains and herbs
Whole grains such as millets are valued for being light on the plate yet satisfying. Herbal churnas such as triphala are traditionally taken in the evening as part of a routine; the right choice and amount depends on the person, so ask a practitioner.

*This article shares general information based on traditional Ayurvedic ideas. It is not medical advice and does not diagnose or treat any condition. Please consult a qualified Ayurvedic practitioner or doctor, especially if you are pregnant, on medication or managing a health condition.*",Punarjiva Organics,2,agni;ahara,data/media/blog/agni-why-ayurveda-begins-with-digestion.jpg,2026-09-08,0,active
4,Rasayana and Ojas: What 'Rejuvenation' Means in Ayurveda,rasayana-and-ojas-what-rejuvenation-means,"Rasayana is the Ayurvedic branch of rejuvenation, and ojas is the vitality it aims to build. Here is the idea behind Chyawanprash, ashwagandha and other classical tonics.","In Ayurveda, **Rasayana** is the branch concerned with rejuvenation: keeping the body's tissues well nourished so that strength and resilience last. **Ojas** is the word used for the vital essence that good nourishment, rest and a calm mind are said to build.

## Classical Rasayana
- **Chyawanprash** is the best-known: an amla-based lehyam combined with many herbs, traditionally taken in small daily amounts.
- **Ashwagandha** is a root traditionally used as a tonic for strength and for steadying the mind.
- **Amla** (Indian gooseberry) is prized as a source of vitamin C and is the base of several classical preparations.

## The foundations come first
Ayurveda is clear that tonics sit on top of good habits, not in place of them. Regular sleep, a well-digesting diet (see *Agni*) and a steady daily routine are what allow a Rasayana to do its work.

## Taking tonics sensibly
Choose what suits your season and constitution, start with the usual small amount and keep it consistent. If you are pregnant, take regular medication or manage a condition, check with a qualified practitioner first.

*This article shares general information based on traditional Ayurvedic ideas. It is not medical advice and does not diagnose or treat any condition. Please consult a qualified Ayurvedic practitioner or doctor, especially if you are pregnant, on medication or managing a health condition.*",Punarjiva Organics,1,rasayana;ojas;immunity,data/media/blog/rasayana-and-ojas-what-rejuvenation-means.jpg,2026-09-02,0,active
5,Why Millets Matter in an Everyday Indian Kitchen,why-millets-matter,"Millets fed this subcontinent long before rice and wheat took over the plate. Here is what they actually are, how they differ from one another, and how to bring them back without upending your kitchen.","For most of the last few thousand years, millets were not a health food. They were simply food — the everyday grain of the Deccan, grown on land that would not reliably hold rice, harvested by families who ate what the soil could actually give. Somewhere in the last sixty years they slipped off the daily plate and became something you buy deliberately, in a separate aisle, at a higher price.

That is worth reversing, and not because millets are magic. They are not. They are a group of hardy small-seeded grains that happen to be well suited to this climate, need far less water than paddy, and bring a texture and flavour to the plate that rice cannot.

## They are not one grain

The word covers a family, and the members behave very differently in a pot. Buying ""millets"" without knowing which one you have is the fastest way to end up disappointed with the result.

- Ragi (finger millet) — deep reddish-brown, earthy, sets firm. The one for mudde, porridge, and roti for anyone who likes a dense chew.
- Jowar (sorghum) — mild, pale, the most forgiving substitute for wheat in a roti. A sensible first millet if you are just starting.
- Bajra (pearl millet) — nutty and noticeably warming, which is why it has always been a winter grain in the north and west.
- Foxtail, little, kodo and barnyard millets — the small millets. Light, quick-cooking, and the ones to use where you would otherwise reach for rice.
- Samai and varagu — regional names you will meet in Andhra and Tamil kitchens; the same small-millet family, different local naming.

## Start with one meal, not the whole diet

The most common mistake is the ambitious one: replacing every grain at once, disliking the texture by day three, and abandoning the whole idea. Millets cook differently from rice, absorb more water, and want a longer rest after cooking. Give yourself one meal a week to learn a single millet properly.

Foxtail millet in place of rice for a weekday lunch is the gentlest entry point. It cooks in roughly the same time, takes about two and a half parts water to one of grain, and sits well under sambar or rasam without announcing itself.

*Soak, cook with more water than you think, then let it rest covered off the heat. Most complaints about millets being dry or gritty are complaints about skipping the rest.*

## Buy small, store cold

Whole millets keep well. Millet flours do not — the same intact bran and germ that make the grain worth eating also carry the oils that turn rancid. Buy flour in quantities you will finish within a few weeks, keep it airtight, and keep it in the fridge if your kitchen runs warm. If a flour smells sharp or faintly of paint, it has gone; do not try to cook through it.

This is also the honest argument for buying grain whole and milling in smaller batches. It is slightly more work and considerably better food.

## A reasonable expectation

Millets are whole grains with their bran intact, which is genuinely useful — they bring fibre and substance that heavily milled white rice has had removed. What they are not is a treatment for anything. If you are managing a health condition, the grain on your plate is one small input among many, and your doctor's advice outranks anything written on a shop's website, including ours.

Come by the store and we will let you see and feel the difference between the varieties before you commit to a kilo. Choosing a grain is much easier with your hands in it.

*This article shares general information based on traditional Ayurvedic ideas. It is not medical advice and does not diagnose or treat any condition. Please consult a qualified Ayurvedic practitioner or doctor, especially if you are pregnant, on medication or managing a health condition.*",Punarjiva Organics,5,ahara;millets,data/media/blog/why-millets-matter.jpg,2026-07-22,0,active
6,"Cold-Pressed vs Refined Oils, Explained",cold-pressed-oils-explained,"Why one oil tastes strongly of its seed and the other of almost nothing, what refining actually removes, and how to decide honestly which belongs in your kitchen.","Two bottles of groundnut oil can sit side by side at very different prices. One smells unmistakably of roasted groundnut; the other smells of almost nothing. The difference is not branding. It is what happened between the seed and the bottle.

## What cold-pressing actually is

Cold-pressed oil — the traditional chekku or ghani method, and its modern equivalents — is extracted by crushing the seed slowly under pressure, without adding heat. Friction alone raises the temperature somewhat, but nothing is deliberately heated and no solvent is used. What comes out is the oil the seed contained, carrying its colour, its aroma and its natural compounds.

The yield is lower. That is the entire economic story behind the price difference, and it is worth knowing rather than assuming you are paying purely for a label.

## What refining removes

Industrial refining typically involves solvent extraction to pull more oil from the seed, followed by degumming, neutralising, bleaching and deodorising. Each step is doing something real: raising the smoke point, extending shelf life, stripping colour, and removing the strong flavours many people do not want in a neutral cooking oil.

It also removes much of the aroma and a portion of the minor compounds that came with the seed. Whether that trade is worth it depends entirely on what you are cooking.

## Choosing between them, honestly

- Cold-pressed suits tempering, sautéing, dressings, pickles and anything where the oil's flavour is part of the dish.
- Cold-pressed oils have lower smoke points. For repeated deep-frying at high heat, a refined oil is the more practical and less wasteful choice.
- Sesame, groundnut, coconut and mustard each carry a distinct character — pick the one that belongs in your regional cooking rather than the one with the best packaging.
- The strong smell of a fresh cold-pressed oil is the point, not a defect. If it has almost no smell, ask what it went through.

*There is no single best oil. There is the oil that suits the heat you are cooking at and the flavour you want on the plate.*

## Storage matters more than with refined oil

Without the deodorising and stabilising steps, cold-pressed oil is more sensitive to light, air and heat. Keep it in a dark bottle or a dark cupboard, close it properly, and keep it well away from the stove — the warm shelf above the hob is the worst place in the kitchen for it.

Buy in a size you will finish in a couple of months rather than the largest tin available. A rancid oil smells sharp and faintly of old paint; once it does, it is not salvageable and should not be cooked with.

## A note on health claims

Cold-pressed oils are still fats, and quantity matters more than which bottle it came from. They are worth choosing for flavour, for how they are made, and for keeping more of the seed intact — not because any oil is a remedy. Be sceptical of anyone, including a shop, telling you otherwise.

We stock cold-pressed oils in the store and are happy to open a bottle for you to smell before you buy. It tells you more in two seconds than a label does.

*This article shares general information based on traditional Ayurvedic ideas. It is not medical advice and does not diagnose or treat any condition. Please consult a qualified Ayurvedic practitioner or doctor, especially if you are pregnant, on medication or managing a health condition.*",Punarjiva Organics,4,abhyanga;cold-pressed,data/media/blog/cold-pressed-oils-explained.jpg,2026-07-08,0,active
7,A Daily Guide to Chyawanprash,chyawanprash-daily-guide,"One of the oldest preparations still in everyday Indian use. What goes into it, how it is traditionally taken, and what it is reasonable — and unreasonable — to expect from it.","Chyawanprash is a lehyam — a cooked herbal jam — and one of the few classical Ayurvedic preparations that never left ordinary Indian kitchens. Most people who take it were given it as children, by a grandmother, off a steel spoon, without much explanation.

It is worth understanding what is actually in the jar.

## What goes into it

The base is amla — Indian gooseberry — cooked down with ghee, a sweetener, and a long list of supporting herbs and spices. Classical formulations run to forty or more ingredients, including pippali, cardamom, cinnamon, and various roots and barks, each added at a particular stage of the cooking.

The amla is doing most of the work, and how it was handled matters. Long, hard cooking degrades what amla brings; carefully made Chyawanprash treats that stage with respect. This is a large part of why two jars at different prices are not the same product.

## How it is traditionally taken

- A small spoon in the morning, commonly on an empty stomach, is the usual practice.
- Often followed with warm milk or warm water — this is customary, not a rule.
- Adults typically take a teaspoon or so; children, less. Follow the dosage printed on the pack you have bought.
- Traditionally taken through the cooler months, though many people take it year-round.

## Reading the label properly

Turn the jar around before you buy. Amla should appear high in the ingredient list rather than trailing behind sugar. Check whether the base is ghee or a cheaper vegetable fat. Check the sugar content honestly — Chyawanprash is a sweet preparation, and if you are watching sugar intake, that spoonful is not free.

Some makers publish the classical ingredient count and their sourcing; some do not. Neither proves quality on its own, but a maker willing to tell you what is inside is a better starting point than one who is not.

*A preparation this old survives because people found it worth continuing — not because it does anything dramatic. Expect support, not a cure.*

## What it is reasonable to expect

Chyawanprash is a traditional daily tonic taken to support general vitality and resilience. That is the honest description. It is not a medicine, it does not treat illness, and it will not compensate for poor sleep, an unbalanced diet or an untreated health condition.

If you are diabetic, pregnant, giving it to a young child, or taking prescribed medication, speak to a qualified practitioner before starting. The sugar content alone makes that a sensible conversation to have.

## Storing it

Keep the jar tightly closed and use a clean, dry spoon every time — moisture is what spoils a lehyam. Store it somewhere cool and out of direct sunlight. Properly kept, an opened jar lasts comfortably, but the date printed on the pack is the one to follow.

We stock Chyawanprash and other lehyams in the store, and we would rather talk you through which one suits you than sell you the most expensive jar on the shelf.

*This article shares general information based on traditional Ayurvedic ideas. It is not medical advice and does not diagnose or treat any condition. Please consult a qualified Ayurvedic practitioner or doctor, especially if you are pregnant, on medication or managing a health condition.*",Punarjiva Organics,1,rasayana;immunity;ojas,data/media/blog/chyawanprash-daily-guide.jpg,2026-06-18,0,active
8,Natural Skincare Basics: Reading an Ingredient List,natural-skincare-basics,"""Natural"" is not a regulated word. Here is how to read what is actually on the back of the pack, and what a short ingredient list really tells you.","""Natural"" on a cosmetic label is a marketing word, not a regulated one. Nobody has to meet a standard to print it. That does not make natural personal care a bad idea — it makes the ingredient list on the back the only part of the pack genuinely worth reading.

## The order tells you most of the story

Ingredients are listed by descending quantity. Whatever appears in the first three or four positions makes up the bulk of the product. If a hair oil advertises a prized herb on the front but lists it eighth, after a base oil, a fragrance and two other things, you are mostly buying the base oil.

This single habit — reading the top four, ignoring the front of the pack — will change what you buy more than any other advice here.

## Short lists are honest, and they cost you shelf life

A product with five ingredients and no synthetic preservative is genuinely simpler. It is also more perishable. Anything containing water and no preservative can grow microbes, which is exactly why traditional preparations tend to be oil-based, dry, or made in small batches and used quickly.

So take the dates seriously, buy smaller quantities, and keep lids closed. A preservative-free cream is not meant to sit half-used on a warm bathroom shelf for a year.

## Things worth knowing

- Cold-pressed carrier oils — coconut, sesame, almond — are the backbone of most traditional hair and body care.
- Essential oils are potent and belong diluted. Undiluted on skin, they are a common cause of irritation.
- ""Chemical-free"" is meaningless; water is a chemical. What matters is which specific ingredients suit your skin.
- Natural does not mean non-allergenic. Plant extracts cause plenty of reactions.
- A pleasant smell can come from the botanicals or from added fragrance. The list will tell you which.

*Patch test anything new: a small amount on your inner forearm, left alone for a day. It is a minor inconvenience that saves a genuinely miserable week.*

## Adjusting your expectations

Natural skincare tends to work slowly and undramatically. A hair oil will not reverse hair loss, and a balm will not remove scarring. What plant-based care can reasonably offer is gentle, consistent upkeep with fewer synthetic additions — which is a modest claim, and the only one worth making.

For anything persistent — ongoing acne, eczema, sudden hair loss, a reaction that will not settle — see a dermatologist. A shop is not the right place to get that advice, and we will say so.

Bring a product you already use into the store and we will read the list with you. It is usually a more useful conversation than a recommendation made cold.

*This article shares general information based on traditional Ayurvedic ideas. It is not medical advice and does not diagnose or treat any condition. Please consult a qualified Ayurvedic practitioner or doctor, especially if you are pregnant, on medication or managing a health condition.*",Punarjiva Organics,3,twak;herbs,data/media/blog/natural-skincare-basics.jpg,2026-05-30,0,active
