content_id,tag
c001,ahara
c001,millets
c001,agni
c002,ahara
c002,millets
c003,ahara
c003,agni
c004,ahara
c005,abhyanga
c005,cold-pressed
c005,ahara
c006,abhyanga
c006,cold-pressed
c007,ahara
c007,millets
c008,ahara
c009,herbs
c009,ahara
c009,immunity
c010,ahara
c010,agni
c011,ahara
c012,ahara
c012,ojas
c013,twak
c013,abhyanga
c014,twak
c014,herbs
c015,kesha
c015,abhyanga
c015,herbs
c016,kesha
c016,herbs
c017,twak
c018,twak
c018,ubtan
c019,rasayana
c019,immunity
c019,ojas
c020,rasayana
c020,immunity
c021,rasayana
c021,herbs
c021,ojas
c022,agni
c022,herbs
c023,herbs
c023,ojas
c024,ojas
c024,ahara
c025,kadha
c025,herbs
c025,immunity
c026,immunity
c026,dinacharya
