id,title,subtitle,description,image,mobile_image,button_text,link,position,category_id,provider_id,priority,start_date,end_date,status,icon
1,Discover Useful Content||For a Better You,Real people · Real ideas · Real growth,"Explore practical ideas, tutorials, business tips, lifestyle content and more from creators across Instagram, YouTube, Facebook, TikTok and the web.",data/media/banners/hero-interior.jpg,data/media/banners/hero-interior-m.jpg,Explore Trending,#/trending,hero,,,10,,,active,
2,Discover Inspiring Content||From Real People,Stories worth saving,"Amazing videos, reels, posts and ideas from every corner of the web, organised in one place and ready to explore.",data/media/banners/hero-hiker.jpg,data/media/banners/hero-hiker-m.jpg,Browse Categories,#/categories,hero,,,9,,,active,
3,Learn Something New||Every Single Day,Tutorials · Guides · Skills,"From study methods to career skills, find bite-sized lessons from creators who make learning feel easy.",data/media/banners/hero-study.jpg,data/media/banners/hero-study-m.jpg,Start Learning,#/category/education,hero,,,8,,,active,
4,Taste the World||One Recipe at a Time,Recipes · Reviews · Street food,"Cooking tips, healthy meals and food adventures from creators who love what they make.",data/media/banners/hero-food.jpg,data/media/banners/hero-food-m.jpg,Explore Food & Drinks,#/category/food-drinks,hero,,,7,,,active,
5,Creators to Follow This Month,Creator spotlight,"Meet the voices behind the most-saved ideas this month, from fitness and food to travel and tech.",data/media/banners/promo-creators.jpg,data/media/banners/promo-creators-m.jpg,Meet the Creators,#/creators,promo,,,5,,,active,
6,Food & Drinks Hub,Category spotlight,"Recipes, meal prep and street-food discoveries, all in one place.",data/media/banners/cat-food.jpg,data/media/banners/cat-food-m.jpg,Explore Food,#/category/food-drinks,category,5,,5,,,active,
7,Grow Your Business with Smart Content,Useful for business,"Marketing playbooks, branding guides and productivity tools from creators who have done it.",data/media/banners/biz-startup.jpg,data/media/banners/biz-startup-m.jpg,Explore Business Tips,#/category/business,business,1,prov_015,5,,,active,
8,How MediaHub Works,Discover · Organise · Open the original,"We collect useful content from many platforms, organise it by topic and send you to the original creator to watch, read or follow.",data/media/banners/info-team.jpg,data/media/banners/info-team-m.jpg,Read the Guide,#/blog/how-mediahub-organises-content,info,,,4,,,active,
9,Autumn Travel Guide,Seasonal highlights,"Fall foliage, cosy city breaks and golden-hour road trips to plan before winter arrives.",data/media/banners/seasonal-autumn.jpg,data/media/banners/seasonal-autumn-m.jpg,Plan a Trip,#/category/travel,seasonal,6,,6,2026-09-01,2026-11-30,active,
10,Are You a Creator or Business?,Get featured,MediaHub highlights useful content from creators and businesses. Reach out to be considered for a listing.,data/media/banners/custom-social.jpg,data/media/banners/custom-social-m.jpg,Get in Touch,#/page/contact,custom,,,3,,,active,
11,Discover ideas. Build skills. Grow your future.,,"Explore business tips, tools, and real experiences from creators.",,,Explore Now,#/trending,cta,,,5,,,active,fa-solid fa-rocket
12,Spring Home Refresh,Expired sample,"This banner has an end date in the past, so it should never be shown.",data/media/banners/seasonal-autumn.jpg,data/media/banners/seasonal-autumn-m.jpg,View,#/category/home-garden,seasonal,8,,2,2026-03-01,2026-04-30,active,
