content_id,platform,content_type,external_url,embed_url,views,likes
c001,instagram,reel,https://www.instagram.com/explore/tags/how+to+start+a+small+business+in+2026/,,34322,3809
c001,facebook,video,https://www.facebook.com/search/top?q=how+to+start+a+small+business+in+2026,,34322,3809
c009,instagram,reel,https://www.instagram.com/explore/tags/build+your+first+website:+html+&+css/,,33372,3770
c009,facebook,video,https://www.facebook.com/search/top?q=build+your+first+website:+html+&+css,,33372,3770
c013,instagram,reel,https://www.instagram.com/explore/tags/study+smarter:+the+active+recall+method/,,10737,1048
c021,instagram,reel,https://www.instagram.com/explore/tags/journaling+for+beginners/,,132457,10656
c025,instagram,reel,https://www.instagram.com/explore/tags/the+burger+everyone+keeps+talking+about/,,44543,4289
c025,facebook,video,https://www.facebook.com/search/top?q=the+burger+everyone+keeps+talking+about,,44543,4289
c029,instagram,reel,https://www.instagram.com/explore/tags/homemade+pizza+step+by+step/,,42718,3720
c033,youtube,short,https://www.youtube.com/results?search_query=plant-based+salad+plates,,14282,879
c033,facebook,video,https://www.facebook.com/search/top?q=plant-based+salad+plates,,14282,879
c037,youtube,short,https://www.youtube.com/results?search_query=smoky+skewers+for+the+weekend+grill,,56195,3758
c041,instagram,reel,https://www.instagram.com/explore/tags/road+trip+essentials+checklist/,,22827,1586
c041,facebook,video,https://www.facebook.com/search/top?q=road+trip+essentials+checklist,,22827,1586
c045,youtube,short,https://www.youtube.com/results?search_query=sunset+beach+days,,51447,6353
c049,youtube,short,https://www.youtube.com/results?search_query=sunset+yoga+flow+for+flexibility,,84352,5446
c049,facebook,video,https://www.facebook.com/search/top?q=sunset+yoga+flow+for+flexibility,,84352,5446
c053,youtube,short,https://www.youtube.com/results?search_query=easy+home+decor+tips+on+a+budget,,82957,4997
c057,youtube,video,https://www.youtube.com/results?search_query=handmade+gift+ideas+under+$10,,39683,4223
c057,tiktok,video,https://www.tiktok.com/search?q=handmade+gift+ideas+under+$10,,39683,4223
c061,instagram,reel,https://www.instagram.com/explore/tags/capsule+wardrobe+basics/,,30060,1767
c065,instagram,reel,https://www.instagram.com/explore/tags/start+investing+with+small+amounts/,,28147,2928
c065,facebook,video,https://www.facebook.com/search/top?q=start+investing+with+small+amounts,,28147,2928
c069,youtube,short,https://www.youtube.com/results?search_query=beach+day+with+our+border+collie,,19358,1496
c073,youtube,short,https://www.youtube.com/results?search_query=desert+road+at+golden+hour,,49236,5535
c073,facebook,video,https://www.facebook.com/search/top?q=desert+road+at+golden+hour,,49236,5535
c077,instagram,reel,https://www.instagram.com/explore/tags/acrylic+painting+for+beginners/,,98217,9568
c081,instagram,reel,https://www.instagram.com/explore/tags/garage+tour:+detailing+basics/,,114898,10046
c081,facebook,video,https://www.facebook.com/search/top?q=garage+tour:+detailing+basics,,114898,10046
c089,instagram,reel,https://www.instagram.com/explore/tags/plasma+ball+physics+explained/,,51358,2566
c089,facebook,video,https://www.facebook.com/search/top?q=plasma+ball+physics+explained,,51358,2566
