id,provider_id,platform,username,profile_url,followers,verified,status
pp_001,prov_001,instagram,healthyliving,https://www.instagram.com/explore/tags/healthyliving/,120000,1,active
pp_002,prov_001,youtube,healthyliving,https://www.youtube.com/results?search_query=healthyliving,54000,0,active
pp_003,prov_001,facebook,healthyliving,https://www.facebook.com/search/top?q=healthyliving,36000,0,active
pp_004,prov_001,tiktok,healthyliving,https://www.tiktok.com/search?q=healthyliving,62000,0,active
pp_005,prov_002,instagram,traveldiaries,https://www.instagram.com/explore/tags/traveldiaries/,210000,1,active
pp_006,prov_002,youtube,traveldiaries,https://www.youtube.com/results?search_query=traveldiaries,88000,0,active
pp_007,prov_002,blog,traveldiaries,https://www.google.com/search?q=traveldiaries,12000,0,active
pp_008,prov_003,youtube,businessguide,https://www.youtube.com/results?search_query=businessguide,175000,1,active
pp_009,prov_003,x,businessguide,https://x.com/search?q=businessguide,42000,0,active
pp_010,prov_003,blog,businessguide,https://www.google.com/search?q=businessguide,9000,0,active
pp_011,prov_004,instagram,homestyle,https://www.instagram.com/explore/tags/homestyle/,96000,0,active
pp_012,prov_004,youtube,homestyle,https://www.youtube.com/results?search_query=homestyle,31000,0,active
pp_013,prov_005,youtube,fitwithme,https://www.youtube.com/results?search_query=fitwithme,310000,1,active
pp_014,prov_005,instagram,fitwithme,https://www.instagram.com/explore/tags/fitwithme/,140000,0,active
pp_015,prov_005,tiktok,fitwithme,https://www.tiktok.com/search?q=fitwithme,98000,0,active
pp_016,prov_006,facebook,creativecorner,https://www.facebook.com/search/top?q=creativecorner,88000,0,active
pp_017,prov_006,instagram,creativecorner,https://www.instagram.com/explore/tags/creativecorner/,44000,0,active
pp_018,prov_007,instagram,nutrilife,https://www.instagram.com/explore/tags/nutrilife/,142000,1,active
pp_019,prov_007,facebook,nutrilife,https://www.facebook.com/search/top?q=nutrilife,61000,0,active
pp_020,prov_008,youtube,tastyfoods,https://www.youtube.com/results?search_query=tastyfoods,95000,0,active
pp_021,prov_008,facebook,tastyfoods,https://www.facebook.com/search/top?q=tastyfoods,40000,0,active
pp_022,prov_009,tiktok,foodexplorer,https://www.tiktok.com/search?q=foodexplorer,88000,0,active
pp_023,prov_009,youtube,foodexplorer,https://www.youtube.com/results?search_query=foodexplorer,52000,0,active
pp_024,prov_009,instagram,foodexplorer,https://www.instagram.com/explore/tags/foodexplorer/,38000,0,active
pp_025,prov_010,instagram,sweetbites,https://www.instagram.com/explore/tags/sweetbites/,76000,0,active
pp_026,prov_010,tiktok,sweetbites,https://www.tiktok.com/search?q=sweetbites,29000,0,active
pp_027,prov_011,youtube,techsimplified,https://www.youtube.com/results?search_query=techsimplified,268000,1,active
pp_028,prov_011,x,techsimplified,https://x.com/search?q=techsimplified,51000,0,active
pp_029,prov_011,instagram,techsimplified,https://www.instagram.com/explore/tags/techsimplified/,33000,0,active
pp_030,prov_012,x,devdaily,https://x.com/search?q=devdaily,64000,0,active
pp_031,prov_012,youtube,devdaily,https://www.youtube.com/results?search_query=devdaily,28000,0,active
pp_032,prov_012,blog,devdaily,https://www.google.com/search?q=devdaily,6000,0,active
pp_033,prov_013,youtube,moneymatters,https://www.youtube.com/results?search_query=moneymatters,189000,1,active
pp_034,prov_013,instagram,moneymatters,https://www.instagram.com/explore/tags/moneymatters/,72000,0,active
pp_035,prov_013,x,moneymatters,https://x.com/search?q=moneymatters,25000,0,active
pp_036,prov_014,youtube,autogarage,https://www.youtube.com/results?search_query=autogarage,134000,0,active
pp_037,prov_014,instagram,autogarage,https://www.instagram.com/explore/tags/autogarage/,47000,0,active
pp_038,prov_015,facebook,startupstories,https://www.facebook.com/search/top?q=startupstories,83000,0,active
pp_039,prov_015,instagram,startupstories,https://www.instagram.com/explore/tags/startupstories/,36000,0,active
pp_040,prov_015,youtube,startupstories,https://www.youtube.com/results?search_query=startupstories,22000,0,active
pp_041,prov_016,tiktok,wildpaths,https://www.tiktok.com/search?q=wildpaths,156000,0,active
pp_042,prov_016,instagram,wildpaths,https://www.instagram.com/explore/tags/wildpaths/,81000,0,active
pp_043,prov_016,youtube,wildpaths,https://www.youtube.com/results?search_query=wildpaths,45000,0,active
pp_044,prov_017,instagram,glowstudio,https://www.instagram.com/explore/tags/glowstudio/,205000,1,active
pp_045,prov_017,tiktok,glowstudio,https://www.tiktok.com/search?q=glowstudio,120000,0,active
pp_046,prov_017,youtube,glowstudio,https://www.youtube.com/results?search_query=glowstudio,64000,0,active
pp_047,prov_018,tiktok,stylenotes,https://www.tiktok.com/search?q=stylenotes,112000,0,active
pp_048,prov_018,instagram,stylenotes,https://www.instagram.com/explore/tags/stylenotes/,58000,0,active
pp_049,prov_019,youtube,learndaily,https://www.youtube.com/results?search_query=learndaily,245000,1,active
pp_050,prov_019,instagram,learndaily,https://www.instagram.com/explore/tags/learndaily/,90000,0,active
pp_051,prov_019,blog,learndaily,https://www.google.com/search?q=learndaily,15000,0,active
pp_052,prov_020,instagram,petpals,https://www.instagram.com/explore/tags/petpals/,99000,0,active
pp_053,prov_020,youtube,petpals,https://www.youtube.com/results?search_query=petpals,37000,0,active
pp_054,prov_020,tiktok,petpals,https://www.tiktok.com/search?q=petpals,70000,0,active
pp_055,prov_021,facebook,littlesteps,https://www.facebook.com/search/top?q=littlesteps,71000,0,active
pp_056,prov_021,instagram,littlesteps,https://www.instagram.com/explore/tags/littlesteps/,34000,0,active
pp_057,prov_022,instagram,canvascolor,https://www.instagram.com/explore/tags/canvascolor/,87000,0,active
pp_058,prov_022,youtube,canvascolor,https://www.youtube.com/results?search_query=canvascolor,41000,0,active
pp_059,prov_023,youtube,reelstudio,https://www.youtube.com/results?search_query=reelstudio,58000,0,active
pp_060,prov_023,instagram,reelstudio,https://www.instagram.com/explore/tags/reelstudio/,26000,0,active
pp_061,prov_024,tiktok,sciencesnacks,https://www.tiktok.com/search?q=sciencesnacks,133000,0,active
pp_062,prov_024,youtube,sciencesnacks,https://www.youtube.com/results?search_query=sciencesnacks,48000,0,active
pp_063,prov_025,instagram,dailyspark,https://www.instagram.com/explore/tags/dailyspark/,101000,0,active
pp_064,prov_025,x,dailyspark,https://x.com/search?q=dailyspark,22000,0,active
pp_065,prov_025,tiktok,dailyspark,https://www.tiktok.com/search?q=dailyspark,39000,0,active
pp_066,prov_026,instagram,lenslight,https://www.instagram.com/explore/tags/lenslight/,78000,0,active
pp_067,prov_026,youtube,lenslight,https://www.youtube.com/results?search_query=lenslight,33000,0,active
