id,title,slug,description,provider_id,platform,content_type,category_id,subcategory_id,business_id,thumbnail,embed_url,external_url,duration,published_at,views,likes,comments,shares,featured,trending,popular,status
c001,Setting a Realistic Building Budget,setting-a-realistic-building-budget,"Land, design, materials, labour and a contingency: how to split a budget and why a reserve of 10 to 15 percent is wise.",prov_001,website,article,1,101,,data/media/thumbnails/setting-a-realistic-building-budget.jpg,,https://www.example.com/,,2026-09-28,5860,488,97,146,1,1,1,active
c002,Cost Control During Construction,cost-control-during-construction,"Fixed quotes, written change orders and regular site visits: the habits that keep a build on budget.",prov_001,website,article,1,101,,data/media/thumbnails/cost-control-during-construction.jpg,,https://www.example.com/,,2026-09-25,5720,476,95,143,0,1,1,active
c003,How to Read Building Plans,reading-building-plans,"Plans, elevations, sections and the symbols on them: a beginner's guide to the drawings a builder works from.",prov_001,website,article,1,102,,data/media/thumbnails/reading-building-plans.jpg,,https://www.example.com/,,2026-09-22,5580,465,93,139,1,1,0,active
c004,Permits and Approvals Explained,permits-and-approvals-explained,"Why most building work needs approval, what authorities usually check and how to avoid delays.",prov_001,website,article,1,102,,data/media/thumbnails/permits-and-approvals-explained.jpg,,https://www.example.com/,,2026-09-19,5440,453,90,136,0,1,1,active
c005,Choosing an Architect or Contractor,choosing-an-architect-or-contractor,"References, licences, written scope and payment stages: what to check before you hire.",prov_001,website,article,1,102,,data/media/thumbnails/choosing-an-architect-or-contractor.jpg,,https://www.example.com/,,2026-09-16,5300,441,88,132,0,1,1,active
c006,Preparing a Building Site,preparing-a-building-site,"Clearing, levelling, drainage and access: the groundwork that decides how smoothly a build runs.",prov_001,website,article,2,103,,data/media/thumbnails/preparing-a-building-site.jpg,,https://www.example.com/,,2026-09-13,5160,430,86,129,1,1,1,active
c007,Types of Foundations,types-of-foundations,"Strip, pad, raft and pile foundations at a glance, and the soil and load conditions each suits.",prov_001,website,article,2,103,,data/media/thumbnails/types-of-foundations.jpg,,https://www.example.com/,,2026-09-10,5020,418,83,125,0,1,1,active
c008,"Concrete: Mixing, Pouring and Curing",concrete-mixing-and-curing,Why the water-cement ratio and keeping concrete damp for days after pouring decide its strength.,prov_001,website,article,2,104,,data/media/thumbnails/concrete-mixing-and-curing.jpg,,https://www.example.com/,,2026-09-07,4880,406,81,122,1,1,0,active
c009,Why Steel Reinforcement Matters,why-reinforcement-matters,"Concrete is strong in compression and weak in tension. How rebar fixes that, and why cover and spacing matter.",prov_001,website,article,2,104,,data/media/thumbnails/why-reinforcement-matters.jpg,,https://www.example.com/,,2026-08-28,4740,395,79,118,0,0,1,active
c010,Load-Bearing vs Partition Walls,load-bearing-vs-partition-walls,"Which walls carry the building and which only divide space, and why the difference matters for any change.",prov_001,website,article,2,104,,data/media/thumbnails/load-bearing-vs-partition-walls.jpg,,https://www.example.com/,,2026-08-25,4600,383,76,115,0,0,0,active
c011,Bricks vs Concrete Blocks,bricks-vs-blocks,"Strength, insulation, speed and cost compared, with the situations where each makes sense.",prov_001,website,article,3,105,,data/media/thumbnails/bricks-vs-blocks.jpg,,https://www.example.com/,,2026-08-22,4460,371,74,111,1,1,1,active
c012,Good Bricklaying Basics,good-bricklaying-basics,"Level courses, staggered joints, even mortar and plumb corners: the habits behind a sound wall.",prov_001,website,article,3,105,,data/media/thumbnails/good-bricklaying-basics.jpg,,https://www.example.com/,,2026-08-19,4320,360,72,108,0,1,1,active
c013,Mortar Mixes Simplified,mortar-mixes-simplified,"Cement, sand and lime ratios in plain terms, and matching the mortar to the wall.",prov_001,website,article,3,105,,data/media/thumbnails/mortar-mixes-simplified.jpg,,https://www.example.com/,,2026-08-16,4180,348,69,104,0,0,1,active
c014,Steel vs Timber Framing,steel-vs-timber-framing,"Weight, speed, fire behaviour and cost: how the two common framing materials compare.",prov_001,website,article,3,106,,data/media/thumbnails/steel-vs-timber-framing.jpg,,https://www.example.com/,,2026-08-13,4040,336,67,101,1,0,0,active
c015,Scaffolding Safety Basics,scaffolding-safety-basics,"Firm bases, guardrails, safe access and regular inspection: the essentials of working at height.",prov_001,website,article,4,107,,data/media/thumbnails/scaffolding-safety-basics.jpg,,https://www.example.com/,,2026-08-10,3900,325,65,97,1,1,1,active
c016,Essential Protective Equipment,essential-protective-equipment,"Hard hats, boots, gloves, eye and hearing protection: what to wear and when.",prov_001,website,article,4,107,,data/media/thumbnails/essential-protective-equipment.jpg,,https://www.example.com/,,2026-08-07,3760,313,62,94,0,1,1,active
c017,A Daily Site Safety Checklist,daily-site-safety-checklist,A five-minute walk-round that finds most hazards before someone gets hurt.,prov_001,website,article,4,107,,data/media/thumbnails/daily-site-safety-checklist.jpg,,https://www.example.com/,,2026-07-28,3620,301,60,90,0,0,1,active
c018,Planning the Build Schedule,planning-the-build-schedule,"Sequencing trades, ordering materials early and allowing for weather: keeping a project on time.",prov_001,website,article,4,108,,data/media/thumbnails/planning-the-build-schedule.jpg,,https://www.example.com/,,2026-07-25,3480,290,58,87,0,0,0,active
c019,Waterproofing Roofs and Bathrooms,waterproofing-roofs-and-bathrooms,"Where leaks start, membrane and coating options, and why testing before finishing saves money.",prov_001,website,article,5,109,,data/media/thumbnails/waterproofing-roofs-and-bathrooms.jpg,,https://www.example.com/,,2026-07-22,3340,278,55,83,1,1,1,active
c020,Damp: Causes and Prevention,damp-causes-and-prevention,"Rising damp, condensation and leaks look alike but need different fixes. How to tell them apart.",prov_001,website,article,5,109,,data/media/thumbnails/damp-causes-and-prevention.jpg,,https://www.example.com/,,2026-07-19,3200,266,53,80,0,0,0,active
c021,Plaster and Paint: Getting the Prep Right,plaster-and-paint-prep,"Curing time, priming and surface repair: why most paint problems are prep problems.",prov_001,website,article,5,110,,data/media/thumbnails/plaster-and-paint-prep.jpg,,https://www.example.com/,,2026-07-16,3060,255,51,76,0,0,1,active
c022,An Annual Home Maintenance Checklist,annual-home-maintenance-checklist,"Roof, gutters, walls, damp-proofing and services: a yearly walk-round that prevents big repairs.",prov_001,website,article,5,110,,data/media/thumbnails/annual-home-maintenance-checklist.jpg,,https://www.example.com/,,2026-07-13,2920,243,48,73,0,1,1,active
