id,name,slug,logo,cover,description,category_id,location,website,phone,email,social_links,tags,featured,status
1,Brightwave Digital Studio,brightwave-digital,,data/media/businesses/brightwave-digital.jpg,"A sample marketing studio that helps small brands plan content calendars, short-form video and paid social campaigns.",1,"Austin, Texas",https://www.example.com/,+1 555 010 0100,contact+brightwave-digital@example.com,instagram=https://www.instagram.com/explore/tags/brightwavedigital/;youtube=https://www.youtube.com/results?search_query=brightwavedigital;x=https://x.com/search?q=brightwavedigital,marketing;socialmedia;branding,1,active
2,GreenLeaf Organics,greenleaf-organics,,data/media/businesses/greenleaf-organics.jpg,"A sample neighbourhood grocer and café sourcing seasonal produce, plant-based meals and fresh cold-pressed juices.",5,"Portland, Oregon",https://www.example.com/,+1 555 010 0101,contact+greenleaf-organics@example.com,instagram=https://www.instagram.com/explore/tags/greenleaforganics/;facebook=https://www.facebook.com/search/top?q=greenleaforganics,healthyeating;vegan;smallbusiness,1,active
3,Urban Nest Interiors,urban-nest-interiors,,data/media/businesses/urban-nest-interiors.jpg,"A sample interior styling studio focused on small-space layouts, warm palettes and indoor plants.",8,"Melbourne, Australia",https://www.example.com/,+1 555 010 0102,contact+urban-nest-interiors@example.com,instagram=https://www.instagram.com/explore/tags/urbannestinteriors/;youtube=https://www.youtube.com/results?search_query=urbannestinteriors,homedecor;gardening;organization,1,active
4,CodeCraft Labs,codecraft-labs,,data/media/businesses/codecraft-labs.jpg,"A sample web and automation agency building fast, accessible websites for growing companies.",2,"Bengaluru, India",https://www.example.com/,+1 555 010 0103,contact+codecraft-labs@example.com,x=https://x.com/search?q=codecraftlabs;youtube=https://www.youtube.com/results?search_query=codecraftlabs,coding;ai;techtips,1,active
5,FitForge Gym,fitforge-gym,,data/media/businesses/fitforge-gym.jpg,"A sample community gym offering strength classes, mobility sessions and beginner-friendly coaching.",7,"Toronto, Canada",https://www.example.com/,+1 555 010 0104,contact+fitforge-gym@example.com,instagram=https://www.instagram.com/explore/tags/fitforgegym/;tiktok=https://www.tiktok.com/search?q=fitforgegym;facebook=https://www.facebook.com/search/top?q=fitforgegym,fitness;workout;wellness,0,active
6,Wanderlust Tours,wanderlust-tours,,data/media/businesses/wanderlust-tours.jpg,"A sample small-group travel company running walking tours, food trails and weekend getaways.",6,"Lisbon, Portugal",https://www.example.com/,+1 555 010 0105,contact+wanderlust-tours@example.com,instagram=https://www.instagram.com/explore/tags/wanderlusttours/;youtube=https://www.youtube.com/results?search_query=wanderlusttours;facebook=https://www.facebook.com/search/top?q=wanderlusttours,travel;budgettravel;roadtrip,1,active
7,PixelPerfect Photography,pixelperfect-photography,,data/media/businesses/pixelperfect-photography.jpg,"A sample photography studio offering product shoots, portraits and editing workshops.",20,"Wellington, New Zealand",https://www.example.com/,+1 555 010 0106,contact+pixelperfect-photography@example.com,instagram=https://www.instagram.com/explore/tags/pixelperfectphotography/;youtube=https://www.youtube.com/results?search_query=pixelperfectphotography,photography;branding,0,active
8,BrewHaus Café,brewhaus-cafe,,data/media/businesses/brewhaus-cafe.jpg,"A sample specialty coffee roaster with a café, barista classes and a monthly tasting club.",5,"Berlin, Germany",https://www.example.com/,+1 555 010 0107,contact+brewhaus-cafe@example.com,instagram=https://www.instagram.com/explore/tags/brewhauscafe/;tiktok=https://www.tiktok.com/search?q=brewhauscafe,beverages;smallbusiness;foodreview,0,active
9,LearnLoop Academy,learnloop-academy,,data/media/businesses/learnloop-academy.jpg,"A sample online academy with bite-sized courses in languages, study skills and career growth.",3,Singapore,https://www.example.com/,+1 555 010 0108,contact+learnloop-academy@example.com,youtube=https://www.youtube.com/results?search_query=learnloopacademy;x=https://x.com/search?q=learnloopacademy;facebook=https://www.facebook.com/search/top?q=learnloopacademy,learning;study;careers,0,active
10,PetPal Care,petpal-care,,data/media/businesses/petpal-care.jpg,"A sample pet-care service covering grooming, training classes and vet-approved nutrition advice.",12,"Denver, Colorado",https://www.example.com/,+1 555 010 0109,contact+petpal-care@example.com,instagram=https://www.instagram.com/explore/tags/petpalcare/;facebook=https://www.facebook.com/search/top?q=petpalcare,pets;dogs;cats,0,active
11,CraftCrate Studio,craftcrate-studio,,data/media/businesses/craftcrate-studio.jpg,A sample craft-kit brand shipping monthly DIY boxes for adults and families.,9,"Edinburgh, Scotland",https://www.example.com/,+1 555 010 0110,contact+craftcrate-studio@example.com,instagram=https://www.instagram.com/explore/tags/craftcratestudio/;tiktok=https://www.tiktok.com/search?q=craftcratestudio,diy;crafts;smallbusiness,0,active
12,Summit Finance Guide,summit-finance-guide,,data/media/businesses/summit-finance-guide.jpg,"A sample independent money-education brand explaining budgeting, saving and long-term investing.",11,"London, United Kingdom",https://www.example.com/,+1 555 010 0111,contact+summit-finance-guide@example.com,youtube=https://www.youtube.com/results?search_query=summitfinanceguide;x=https://x.com/search?q=summitfinanceguide,finance;budgeting;investing,0,active
