id,name,slug,provider_type,username,avatar,logo,bio,description,website,email,phone,location,category_id,featured,verified,status
prov_001,Healthy Living,healthy-living,influencer,healthyliving,data/media/providers/creator-1.jpg,,"Simple daily habits, mindful routines and healthy drinks for a balanced life.","Simple daily habits, mindful routines and healthy drinks for a balanced life. Sample provider: its profile, platforms and content are demo data.",https://www.example.com/healthy-living,contact+healthy-living@example.com,,"Austin, USA",7,1,1,active
prov_002,Travel Diaries,travel-diaries,creator,traveldiaries,data/media/providers/creator-2.jpg,,"Slow travel stories, hidden gems and honest budget guides from around the world.","Slow travel stories, hidden gems and honest budget guides from around the world. Sample provider: its profile, platforms and content are demo data.",https://www.example.com/travel-diaries,contact+travel-diaries@example.com,,"Lisbon, Portugal",6,1,1,active
prov_003,Business Guide,business-guide,educator,businessguide,data/media/providers/creator-3.jpg,,"Practical lessons for starting, running and growing a small business.","Practical lessons for starting, running and growing a small business. Sample provider: its profile, platforms and content are demo data.",https://www.example.com/business-guide,contact+business-guide@example.com,,"Toronto, Canada",1,1,1,active
prov_004,Home Style,home-style,brand,homestyle,data/media/providers/creator-4.jpg,,"Budget-friendly decor, plants and small-space ideas for real homes.","Budget-friendly decor, plants and small-space ideas for real homes. Sample provider: its profile, platforms and content are demo data.",https://www.example.com/home-style,contact+home-style@example.com,,"Melbourne, Australia",8,1,0,active
prov_005,Fitness With Me,fitness-with-me,influencer,fitwithme,data/media/providers/creator-5.jpg,,"Follow-along workouts for home and gym, from first-timers to regulars.","Follow-along workouts for home and gym, from first-timers to regulars. Sample provider: its profile, platforms and content are demo data.",https://www.example.com/fitness-with-me,contact+fitness-with-me@example.com,,"Bengaluru, India",7,1,1,active
prov_006,Creative Corner,creative-corner,creator,creativecorner,data/media/providers/creator-6.jpg,,"Handmade gifts, paper crafts and weekend DIY projects anyone can try.","Handmade gifts, paper crafts and weekend DIY projects anyone can try. Sample provider: its profile, platforms and content are demo data.",https://www.example.com/creative-corner,contact+creative-corner@example.com,,"Berlin, Germany",9,1,0,active
prov_007,Nutri Life,nutri-life,creator,nutrilife,data/media/providers/creator-7.jpg,,"Healthy recipes, meal prep and drinks made with whole ingredients.","Healthy recipes, meal prep and drinks made with whole ingredients. Sample provider: its profile, platforms and content are demo data.",https://www.example.com/nutri-life,contact+nutri-life@example.com,,Singapore,5,1,1,active
prov_008,Tasty Foods,tasty-foods,publisher,tastyfoods,data/media/providers/creator-8.jpg,,Weeknight recipes and kitchen techniques explained step by step.,"Weeknight recipes and kitchen techniques explained step by step. Sample provider: its profile, platforms and content are demo data.",https://www.example.com/tasty-foods,contact+tasty-foods@example.com,,"London, UK",5,1,0,active
prov_009,Food Explorer,food-explorer,creator,foodexplorer,data/media/providers/creator-9.jpg,,"Street food finds, café reviews and quick cooking ideas.","Street food finds, café reviews and quick cooking ideas. Sample provider: its profile, platforms and content are demo data.",https://www.example.com/food-explorer,contact+food-explorer@example.com,,"Wellington, New Zealand",5,1,0,active
prov_010,Sweet Bites,sweet-bites,business,sweetbites,data/media/providers/creator-10.jpg,,"Desserts, bakes and no-fuss sweet treats for every occasion.","Desserts, bakes and no-fuss sweet treats for every occasion. Sample provider: its profile, platforms and content are demo data.",https://www.example.com/sweet-bites,contact+sweet-bites@example.com,,"Edinburgh, UK",5,1,0,active
prov_011,Tech Simplified,tech-simplified,educator,techsimplified,data/media/providers/creator-11.jpg,,"Gadgets, apps and AI tools explained without the jargon.","Gadgets, apps and AI tools explained without the jargon. Sample provider: its profile, platforms and content are demo data.",https://www.example.com/tech-simplified,contact+tech-simplified@example.com,,"Austin, USA",2,1,1,active
prov_012,Dev Daily,dev-daily,educator,devdaily,data/media/providers/creator-12.jpg,,"Short web development tips, snippets and learning paths.","Short web development tips, snippets and learning paths. Sample provider: its profile, platforms and content are demo data.",https://www.example.com/dev-daily,contact+dev-daily@example.com,,"Lisbon, Portugal",2,1,0,active
prov_013,Money Matters,money-matters,educator,moneymatters,data/media/providers/creator-13.jpg,,"Budgeting, saving and investing basics in plain language.","Budgeting, saving and investing basics in plain language. Sample provider: its profile, platforms and content are demo data.",https://www.example.com/money-matters,contact+money-matters@example.com,,"Toronto, Canada",11,0,1,active
prov_014,Auto Garage,auto-garage,business,autogarage,data/media/providers/creator-14.jpg,,"Car reviews, detailing tutorials and honest ownership stories.","Car reviews, detailing tutorials and honest ownership stories. Sample provider: its profile, platforms and content are demo data.",https://www.example.com/auto-garage,contact+auto-garage@example.com,,"Melbourne, Australia",16,0,0,active
prov_015,Startup Stories,startup-stories,publisher,startupstories,data/media/providers/creator-15.jpg,,"Founders, brands and the marketing lessons behind them.","Founders, brands and the marketing lessons behind them. Sample provider: its profile, platforms and content are demo data.",https://www.example.com/startup-stories,contact+startup-stories@example.com,,"Bengaluru, India",1,0,0,active
prov_016,Wild Paths,wild-paths,creator,wildpaths,data/media/providers/creator-16.jpg,,"Trails, roads and quiet places, filmed one adventure at a time.","Trails, roads and quiet places, filmed one adventure at a time. Sample provider: its profile, platforms and content are demo data.",https://www.example.com/wild-paths,contact+wild-paths@example.com,,"Berlin, Germany",13,0,0,active
prov_017,Glow Studio,glow-studio,brand,glowstudio,data/media/providers/creator-17.jpg,,Skincare routines and everyday makeup that feels like you.,"Skincare routines and everyday makeup that feels like you. Sample provider: its profile, platforms and content are demo data.",https://www.example.com/glow-studio,contact+glow-studio@example.com,,Singapore,10,0,1,active
prov_018,Style Notes,style-notes,influencer,stylenotes,data/media/providers/creator-18.jpg,,"Capsule wardrobes, styling tips and thrift finds.","Capsule wardrobes, styling tips and thrift finds. Sample provider: its profile, platforms and content are demo data.",https://www.example.com/style-notes,contact+style-notes@example.com,,"London, UK",10,0,0,active
prov_019,Learn Daily,learn-daily,organization,learndaily,data/media/providers/creator-19.jpg,,"Study methods, language learning and career skills in bite-sized lessons.","Study methods, language learning and career skills in bite-sized lessons. Sample provider: its profile, platforms and content are demo data.",https://www.example.com/learn-daily,contact+learn-daily@example.com,,"Wellington, New Zealand",3,0,1,active
prov_020,Pet Pals,pet-pals,organization,petpals,data/media/providers/creator-20.jpg,,"Training tips and everyday life with dogs, cats and friends.","Training tips and everyday life with dogs, cats and friends. Sample provider: its profile, platforms and content are demo data.",https://www.example.com/pet-pals,contact+pet-pals@example.com,,"Edinburgh, UK",12,0,0,active
prov_021,Little Steps,little-steps,publisher,littlesteps,data/media/providers/creator-21.jpg,,Screen-free activities and calm parenting ideas for busy families.,"Screen-free activities and calm parenting ideas for busy families. Sample provider: its profile, platforms and content are demo data.",https://www.example.com/little-steps,contact+little-steps@example.com,,"Austin, USA",14,0,0,active
prov_022,Canvas & Color,canvas-and-color,creator,canvascolor,data/media/providers/creator-22.jpg,,"Painting lessons, colour theory and studio diaries.","Painting lessons, colour theory and studio diaries. Sample provider: its profile, platforms and content are demo data.",https://www.example.com/canvas-and-color,contact+canvas-and-color@example.com,,"Lisbon, Portugal",15,0,0,active
prov_023,Reel Studio,reel-studio,publisher,reelstudio,,,"Film, music and animation picks curated from across the web.","Film, music and animation picks curated from across the web. Sample provider: its profile, platforms and content are demo data.",https://www.example.com/reel-studio,contact+reel-studio@example.com,,"Toronto, Canada",17,0,0,active
prov_024,Science Snacks,science-snacks,educator,sciencesnacks,,,"Quick, curious science experiments and explanations.","Quick, curious science experiments and explanations. Sample provider: its profile, platforms and content are demo data.",https://www.example.com/science-snacks,contact+science-snacks@example.com,,"Melbourne, Australia",18,0,0,active
prov_025,Daily Spark,daily-spark,influencer,dailyspark,,,"Small daily sparks of motivation, journaling and mindset.","Small daily sparks of motivation, journaling and mindset. Sample provider: its profile, platforms and content are demo data.",https://www.example.com/daily-spark,contact+daily-spark@example.com,,"Bengaluru, India",19,0,0,active
prov_026,Lens & Light,lens-and-light,creator,lenslight,,,"Camera gear, editing walkthroughs and light chasing.","Camera gear, editing walkthroughs and light chasing. Sample provider: its profile, platforms and content are demo data.",https://www.example.com/lens-and-light,contact+lens-and-light@example.com,,"Berlin, Germany",20,0,0,active
